{
  "framework_name": "FirebaseInAppMessaging.framework",
  "static_framework": false,
  "resources": [
    "${PODS_CONFIGURATION_BUILD_DIR}/FirebaseInAppMessaging/InAppMessagingDisplayResources.bundle"
  ],
  "resource_bundles": [
    "InAppMessagingDisplayResources.bundle"
  ],
  "build_settings": {
    "ARCHS": "$(ARCHS_STANDARD_64_BIT)",
    "CLANG_ENABLE_OBJC_WEAK": "NO",
    "CODE_SIGN_IDENTITY[sdk=appletvos*]": "",
    "CODE_SIGN_IDENTITY[sdk=iphoneos*]": "",
    "CODE_SIGN_IDENTITY[sdk=watchos*]": "",
    "CURRENT_PROJECT_VERSION": "1",
    "DEFINES_MODULE": "YES",
    "DYLIB_COMPATIBILITY_VERSION": "1",
    "DYLIB_CURRENT_VERSION": "1",
    "DYLIB_INSTALL_NAME_BASE": "@rpath",
    "INFOPLIST_FILE": "Target Support Files/FirebaseInAppMessaging/FirebaseInAppMessaging-Info.plist",
    "INSTALL_PATH": "$(LOCAL_LIBRARY_DIR)/Frameworks",
    "IPHONEOS_DEPLOYMENT_TARGET": "10.0",
    "LD_RUNPATH_SEARCH_PATHS": "$(inherited) @executable_path/Frameworks @loader_path/Frameworks",
    "MODULEMAP_FILE": "Target Support Files/FirebaseInAppMessaging/FirebaseInAppMessaging.modulemap",
    "PRODUCT_MODULE_NAME": "FirebaseInAppMessaging",
    "PRODUCT_NAME": "FirebaseInAppMessaging",
    "SDKROOT": "iphoneos",
    "SKIP_INSTALL": "YES",
    "SWIFT_ACTIVE_COMPILATION_CONDITIONS": "$(inherited) ",
    "SWIFT_VERSION": "5.0",
    "TARGETED_DEVICE_FAMILY": "1,2",
    "VERSIONING_SYSTEM": "apple-generic",
    "VERSION_INFO_PREFIX": ""
  },
  "source_hash": null,
  "project_root": "/Users/ngo.viet.anh/Developer"
}